bin_end,rows,step_min,step_max,step,code_gradient_rms,code_scale_gradient_cosine,scale_gradient_rms,scale_over_code_gradient_rms,bottleneck_projections,categorical_tail,code_head,decoder_block_1,decoder_block_2,decoder_block_3,decoder_block_4,decoder_block_5,distribution_encoder,encoder_block_1,encoder_block_10,encoder_block_11,encoder_block_12,encoder_block_13,encoder_block_2,encoder_block_3,encoder_block_4,encoder_block_5,encoder_block_6,encoder_block_7,encoder_block_8,encoder_block_9,input_and_queries,none_parameter_tensors,scale_head,complete
1000,11,1,1000,500.0,2.5275799231394558e-09,0.034555260092020035,5.625806043241255e-09,2.2515621185302734,2.1825325906144637e-06,4.649731223979433e-07,8.094873161648754e-06,7.223394765529461e-07,4.928676484513859e-07,4.735283410647612e-07,4.4922783989161785e-07,4.6338036336147915e-07,3.34969440066713e-08,8.604608893131052e-07,1.5416831746870117e-07,1.351379910226732e-07,1.242383577750715e-07,1.097892056705039e-07,4.966910804108113e-07,4.954759904464127e-07,4.6843163169706106e-07,3.7241590339168467e-07,3.0543385205388824e-07,2.4785682866528237e-07,2.0531142745662397e-07,1.706769139288914e-07,1.5153538529975727e-06,0.0,8.399503660036966e-06,True
2000,10,1100,2000,1550.0,1.9259771555368843e-09,0.038490915670990944,4.768311301361905e-09,2.0503965616226196,2.0016241720736343e-06,3.2795985309350204e-07,7.315470726900813e-06,5.015860183741498e-07,3.3714134480207595e-07,3.2359401384436e-07,3.123941224287099e-07,3.225230354027951e-07,1.490570678210273e-08,6.406967461067206e-07,1.1710122929985831e-07,1.1007751532265857e-07,1.0718559453116654e-07,1.00163542519462e-07,4.0437672979576624e-07,3.377858270001495e-07,2.5974184390368774e-07,2.047879258402656e-07,1.7113363692724808e-07,1.5217764676155484e-07,1.3825462854503816e-07,1.2406966256733384e-07,1.3437060939452438e-06,0.0,6.194987212974722e-06,True
3000,10,2100,3000,2550.0,1.972407348560523e-09,0.0013379318988882005,3.3762550533111835e-09,1.6196333765983582,1.3972326662959627e-06,2.2145031829582202e-07,6.493357625064117e-06,2.8400158922715284e-07,2.137245137230667e-07,2.1216827271782768e-07,2.0966207664726187e-07,2.160317842733707e-07,1.1870305825620935e-08,4.362690927706643e-07,7.057073908885702e-08,6.697389293022181e-08,6.602945969745877e-08,6.219496649251667e-08,2.435441107634376e-07,2.0387394811035988e-07,1.481406685590058e-07,1.118137398368292e-07,9.585430112966487e-08,8.422400057693423e-08,7.821666411815907e-08,7.16684984230081e-08,8.43499517623205e-07,0.0,4.25051189526261e-06,True
4000,10,3100,4000,3550.0,1.88563453740187e-09,0.0050928327254951,3.64060082080897e-09,1.9152032732963562,9.49339088230133e-07,1.704175663584101e-07,5.301900487109367e-06,1.9225818287412733e-07,1.5557185017069516e-07,1.574555213115396e-07,1.5834214983732776e-07,1.6604277553023535e-07,1.0862085739861507e-08,3.0648283550759184e-07,4.7378016388893626e-08,4.564284825583294e-08,4.561286162795572e-08,4.2988379316433284e-08,1.5646622065023604e-07,1.1143003638642282e-07,8.461649539740426e-08,6.893109683004647e-08,6.146833011876083e-08,5.560069821085915e-08,5.185707882982166e-08,4.8122688642053733e-08,5.856767577327227e-07,0.0,3.736166060475538e-06,True
5000,10,4100,5000,4550.0,2.2455914905350483e-09,-0.012402018532156944,3.770442846828814e-09,1.6989009380340576,8.191743395809188e-07,1.3355240489179034e-07,5.904641161796605e-06,1.404345308626188e-07,1.1142518232796687e-07,1.1815130358511534e-07,1.212318755509017e-07,1.3194409604605602e-07,1.4103716105303663e-08,2.711291856946941e-07,3.54625102654487e-08,3.2544585512873455e-08,3.135019022455153e-08,2.882130930353147e-08,1.4111900956414617e-07,1.0253385757958909e-07,7.590895365421533e-08,5.697235701607097e-08,4.947005848645456e-08,4.4264386595799444e-08,4.0544494591155154e-08,3.711018271598519e-08,5.452248557530914e-07,0.0,2.8360496670013175e-06,True
6000,10,5100,6000,5550.0,1.9937047568419075e-09,0.01664516655728221,2.75097811197611e-09,1.320047378540039,5.531968010014162e-07,9.989504210961938e-08,5.379930781330458e-06,1.0458973259348959e-07,8.621983738852941e-08,9.274583967488003e-08,9.3327767359933e-08,9.970448682835646e-08,1.4062302608875551e-08,1.763883678436225e-07,2.1139429211471893e-08,1.9305268931880925e-08,1.8238435597599304e-08,1.712612780742275e-08,9.652441234946773e-08,6.365318346247165e-08,4.694142266129607e-08,3.553081771433407e-08,3.137990583385585e-08,2.7425174276238896e-08,2.5302871442811424e-08,2.2626661202992593e-08,3.998052596635273e-07,0.0,1.935428646213339e-06,True
7000,10,6100,7000,6550.0,2.195680415262302e-09,0.01272557768970728,3.307319973444578e-09,1.6464384198188782,5.917623138693179e-07,9.72904914874188e-08,5.789993279142123e-06,1.0452338843451454e-07,8.778855204365153e-08,9.00981221120094e-08,8.93527648434399e-08,9.69383869208945e-08,1.1089601537063906e-08,1.72304311904616e-07,1.6845365002106237e-08,1.5514770433453153e-08,1.4849974097225184e-08,1.48541390307093e-08,8.606771752354149e-08,5.538642562304023e-08,4.111999808210456e-08,3.0314186032615046e-08,2.6359832599666575e-08,2.286697284741482e-08,2.0457295641035716e-08,1.817107719840058e-08,4.2032955415901527e-07,0.0,2.521557307056492e-06,True
8000,10,7100,8000,7550.0,2.2422232959229405e-09,0.007012632442638278,3.944945925482557e-09,1.7002649307250977,6.768160644440932e-07,7.931972185632758e-08,5.291356636636946e-06,9.393722595911928e-08,7.801424336676456e-08,8.043019139633462e-08,7.515853011841614e-08,8.043261701062267e-08,2.0922759216331077e-08,1.8706469895284672e-07,1.4569621399508472e-08,1.3856000445887352e-08,1.3450362081257102e-08,1.359756248550562e-08,8.012040938759773e-08,5.065726762500898e-08,3.634417264501117e-08,2.6985891242489515e-08,2.318164342380372e-08,1.996297828042817e-08,1.7644623758997305e-08,1.5677348294172416e-08,5.517027746893019e-07,0.0,2.6887726783315903e-06,True
9000,10,8100,9000,8550.0,3.2251712411834887e-09,0.09373780712485313,4.719380664042205e-09,1.468901813030243,6.987487277292846e-07,8.105851829922143e-08,6.016918065423884e-06,1.1841118624495878e-07,9.325979910661317e-08,8.55371950335416e-08,7.956583768959893e-08,8.375006063505482e-08,1.4777714763965715e-08,2.0882050181821165e-07,1.3174555240701135e-08,1.2432822217758164e-08,1.2196341695594057e-08,1.2799218986990316e-08,6.387718653583082e-08,4.4398578482879425e-08,3.2499331920223895e-08,2.3386056294847834e-08,1.982521151156575e-08,1.7454569695382006e-08,1.5702123114157932e-08,1.4194393229417576e-08,5.777338100350141e-07,0.0,2.4618606655014033e-06,True
10000,10,9100,10000,9550.0,5.063108599046018e-09,0.05112128332257271,7.096796261762961e-09,1.4007276892662048,7.831679024607801e-07,8.74998848024142e-08,6.466102762492519e-06,1.5920347378791467e-07,1.215447545279563e-07,1.0225029650595612e-07,9.235957856019667e-08,9.22413487019465e-08,2.083045162365818e-08,2.5481314066689985e-07,1.2911063053453436e-08,1.270225035010652e-08,1.369975480666227e-08,1.532213767574706e-08,6.906812452065587e-08,4.796382129965646e-08,3.5309513850990964e-08,2.4696175889811107e-08,2.0203868198473095e-08,1.7070998857849747e-08,1.508499876275009e-08,1.3618163720031683e-08,8.469854995313411e-07,0.0,2.563831859239476e-06,True
11000,10,10100,11000,10550.0,6.0434843796031146e-09,0.07229559868574142,6.081317005524056e-09,0.7740950286388397,7.322667331954614e-07,8.281099954075254e-08,6.916749781280074e-06,1.7755958796110602e-07,1.3749964641219277e-07,1.0724374425896451e-07,1.0167198485175343e-07,9.527525302954581e-08,1.7100901194929684e-08,2.1261799899994505e-07,1.228436354227564e-08,1.2301238288986277e-08,1.3016275404606388e-08,1.4002635386797634e-08,5.3115450291516964e-08,3.8230571546817676e-08,2.872374193368136e-08,2.1412274581268063e-08,1.7424571734694932e-08,1.497030791371558e-08,1.3418899846684344e-08,1.253132926961601e-08,7.139750732834788e-07,0.0,1.8269972729219165e-06,True
12000,10,11100,12000,11550.0,6.240912231447737e-09,0.05101862922310829,6.076002811994385e-09,1.1211575865745544,8.286558641943564e-07,8.23299967513271e-08,6.579382330769087e-06,1.9565542754017613e-07,1.3759998562461518e-07,1.0686690885645928e-07,1.0957037787355983e-07,1.0105986418525049e-07,3.092463217713586e-08,2.576716394864186e-07,1.1259352005978173e-08,1.1177829520654756e-08,1.1977579081162223e-08,1.2818598161692139e-08,4.850580564503742e-08,3.4543106713198785e-08,2.5999088363531263e-08,1.884088014482484e-08,1.5418764032172626e-08,1.342785481634137e-08,1.2184004361702176e-08,1.1217167126288213e-08,9.779257843846429e-07,0.0,2.088715941388867e-06,True
13000,10,12100,13000,12550.0,6.312331102265034e-09,0.010213182773441076,6.412778530417995e-09,0.984169602394104,7.018592496120931e-07,6.852447512959913e-08,6.144245088573989e-06,1.9726258772697182e-07,1.274050507947736e-07,9.790039836748387e-08,1.1010690315010555e-07,9.399926226922318e-08,2.078189721030084e-08,1.9809843260620656e-07,8.846919692379177e-09,9.00450668309378e-09,1.016509997991338e-08,1.1491437622808755e-08,3.7082697263464504e-08,2.828491300145022e-08,2.131943534914576e-08,1.5123620255301807e-08,1.230529956504506e-08,1.0224762213446235e-08,9.385234589808857e-09,8.890597985803666e-09,7.380942266331304e-07,0.0,2.038291456643507e-06,True
14000,10,13100,14000,13550.0,1.4527797187469105e-08,0.08114610984921455,8.937022677457662e-09,0.5572789460420609,1.1437111031098745e-06,8.72532525530809e-08,5.917300292798143e-06,4.7387682099356616e-07,2.386647912507386e-07,1.49277817584368e-07,1.6565982814423364e-07,1.1450327110976531e-07,7.018848488174891e-08,3.600498946714426e-07,1.2893427137569225e-08,1.3251801025425187e-08,1.4723869315650583e-08,1.7018105575705382e-08,4.659419583317624e-08,3.967628201304159e-08,3.102571596679144e-08,2.1695154025801682e-08,1.6853174621133387e-08,1.4674999062652185e-08,1.3786795283305593e-08,1.2920173236069515e-08,1.6711326125124864e-06,0.0,1.9087769643826515e-06,True
15000,10,14100,15000,14550.0,2.1390544446830972e-08,0.10644136741757393,8.160036202298215e-09,0.37847404181957245,1.3770834846980654e-06,8.522074112732581e-08,7.38691945893258e-06,6.02529101469645e-07,3.148120368173407e-07,2.1592540487824805e-07,2.2023685514121394e-07,1.3519255004309327e-07,4.238329574030728e-08,4.666204774174717e-07,1.4283932354687801e-08,1.4461240634734796e-08,1.642289231244825e-08,1.9279160149640885e-08,4.600432624226408e-08,3.941820834995643e-08,3.2479098238448107e-08,2.2178350288474422e-08,1.749422303386889e-08,1.5410656159123988e-08,1.4349697549605211e-08,1.3908771527693488e-08,1.971220516020684e-06,0.0,1.0591900282418827e-06,True
16000,10,15100,16000,15550.0,2.601361170917471e-08,0.07771311327815056,8.626715342074931e-09,0.3935938775539398,1.6295991701716027e-06,8.204274331823945e-08,5.859128391694251e-06,7.570717066912081e-07,3.8200545991827187e-07,2.580570668324883e-07,2.0238271015274013e-07,1.2808773507083858e-07,5.843557646776449e-08,6.347351609390093e-07,1.6394071727744444e-08,1.6244944896704024e-08,1.8269278189944388e-08,2.2725346736342177e-08,4.1896054719174857e-08,3.8947009818873526e-08,3.346105196389546e-08,2.434737248392114e-08,1.8480718557499432e-08,1.642122590620295e-08,1.636028459430892e-08,1.61535188404082e-08,2.764063029445831e-06,0.0,1.5804229256978882e-06,True
17000,10,16100,17000,16550.0,2.6761398430608097e-08,0.07668348401784897,9.390110911056126e-09,0.38098040223121643,1.7239953171170271e-06,8.975812235093162e-08,5.194627664479671e-06,9.556147627004401e-07,5.190878664193466e-07,3.29297242815019e-07,1.9843367562672153e-07,1.225387064688274e-07,8.843189681510994e-08,5.919796905846664e-07,1.4805150513155195e-08,1.509700215092197e-08,1.698003538838537e-08,2.097993471458715e-08,3.8545525114499794e-08,3.544883895344759e-08,2.929356965469758e-08,2.0718778854664215e-08,1.647304586294509e-08,1.475034344693473e-08,1.448159787373538e-08,1.4474197088720515e-08,2.866312629522599e-06,0.0,1.2657012864678047e-06,True
18000,10,17100,18000,17550.0,3.3819357980746645e-08,0.07712461426854134,1.7328287249540608e-08,0.5261557102203369,2.4443563105136297e-06,1.2307243642983174e-07,6.119545720065534e-06,1.4573344773471205e-06,7.397826125926422e-07,4.583708215086046e-07,2.696244829324829e-07,2.0102433098659287e-07,4.850436142471748e-08,7.5607091367836e-07,1.71535325297097e-08,1.7625910823760465e-08,1.950391135953524e-08,2.3719776909960512e-08,4.067094462128935e-08,3.712948273534382e-08,3.2061339300162904e-08,2.3803345504324074e-08,1.9695910271110415e-08,1.744733918946459e-08,1.7101565583685785e-08,1.699867141200256e-08,3.422996071312788e-06,0.0,1.2947913987374383e-06,True
19000,10,18100,19000,18550.0,3.972989226497248e-08,0.06930152699351311,1.6698733951159284e-08,0.39516399800777435,2.9218833293933235e-06,1.3215383011510384e-07,5.9617246694864735e-06,1.8106242008812478e-06,9.348926315653604e-07,5.770069611934576e-07,2.816478570649243e-07,2.0125197475587303e-07,3.0508944706231827e-07,8.224683537775627e-07,1.949188156666008e-08,2.0492029873854446e-08,2.317696531473104e-08,2.5933366830474167e-08,4.5090186717250945e-08,4.1163223637437845e-08,3.485673644017584e-08,2.6961283767862452e-08,2.2105387148697765e-08,1.9186041473021086e-08,2.0602925594606728e-08,2.0744568583686387e-08,3.874712105270386e-06,0.0,1.4928766105686583e-06,True
20000,10,19100,20000,19550.0,5.1505040232768806e-08,0.06676312908530235,1.839904184564034e-08,0.4001135677099228,3.296607549574269e-06,1.6793497715072575e-07,5.507963531704988e-06,2.0308361121651242e-06,1.0193720854193664e-06,6.333916214687111e-07,3.032391170919638e-07,2.3757987713479006e-07,3.8658740661865564e-07,9.07961663762671e-07,2.421942966618436e-08,2.5481466766334237e-08,3.004362293624244e-08,3.430982446822346e-08,4.6884562536385915e-08,4.4540315704594376e-08,4.008301245667414e-08,3.130358795465676e-08,2.7610248572840468e-08,2.4041827239022913e-08,2.5414047558644894e-08,2.5501195490608263e-08,4.5931383708761685e-06,0.0,1.3118889222839277e-06,True
21000,10,20100,21000,20550.0,4.053414848215198e-08,0.04691651463508606,1.2156354145531623e-08,0.3833506554365158,2.9718068607978893e-06,1.900051669561223e-07,5.80934097986532e-06,2.022131983739027e-06,1.0636119565589448e-06,6.547119141307412e-07,3.6070680065623887e-07,2.4733726099778925e-07,4.761323101562258e-07,8.681012466249444e-07,1.9658869800905504e-08,2.0855967831956036e-08,2.381381560907323e-08,2.9061994771522968e-08,3.988614906397312e-08,3.693978742942214e-08,3.306937817263807e-08,2.5097121802883147e-08,2.0956490015093578e-08,1.9252319870360756e-08,1.9397464310306507e-08,1.9921785798877707e-08,4.291366395800668e-06,0.0,1.354457557265398e-06,True
22000,10,21100,22000,21550.0,5.808189484923787e-08,0.07680649682879448,1.7833031940028832e-08,0.38123732805252075,4.2265899166137e-06,3.1219736455418446e-07,5.96808672634784e-06,2.4800279688516143e-06,1.2505573538584886e-06,7.791148908441438e-07,4.451471991456738e-07,3.1615816259719745e-07,4.6064036437283804e-07,1.1589642538828898e-06,2.8708281260006952e-08,3.0781899245808056e-08,3.372576253580294e-08,4.083660766275237e-08,5.532554853961281e-08,5.30730913941676e-08,4.6370646640616886e-08,3.619239040064585e-08,3.023667845773326e-08,2.7288579808871766e-08,2.8236563455069066e-08,2.908282789697651e-08,6.010209048628115e-06,0.0,1.7161604776103726e-06,True
23000,10,22100,23000,22550.0,7.761269316119979e-08,0.06887786462903023,2.4250147667714828e-08,0.33423246443271637,6.1524200215817205e-06,4.6488235823533005e-07,6.226455065381738e-06,3.0544203545826704e-06,1.560555922134895e-06,9.997726899924406e-07,7.21483566593269e-07,4.773962686413501e-07,4.774490580070301e-07,1.780418369672371e-06,3.950068743228705e-08,3.974084855457877e-08,4.34581214983621e-08,5.404357397257079e-08,6.763864134718272e-08,6.357143056045348e-08,5.65730798666076e-08,4.601586216628805e-08,3.9110932909572934e-08,3.5415514182367294e-08,3.806863702245711e-08,3.938392353906983e-08,8.514260565613431e-06,0.0,1.447659302467408e-06,True
24000,10,23100,24000,23550.0,7.962443504538896e-08,0.05030740983784199,2.745748162169548e-08,0.26897504925727844,5.734146077746668e-06,5.935412695403792e-07,6.173238209528495e-06,3.3692962417207694e-06,1.7313665141235206e-06,1.1542956902483246e-06,8.502319095802044e-07,5.664658926025874e-07,7.738910677994268e-07,1.5085448444944287e-06,4.237361338589079e-08,4.783775057448339e-08,4.89111058428951e-08,5.939374124790485e-08,7.103398772561276e-08,6.791751307818422e-08,5.975219273868957e-08,4.686439576425114e-08,4.0885325342125646e-08,3.879861243295114e-08,4.131230699783822e-08,4.158301824759573e-08,9.13151403030578e-06,0.0,1.3110855692371443e-06,True
25000,10,24100,25000,24550.0,8.886759417237045e-08,0.05439726635813713,1.8611947538715867e-08,0.25950002670288086,6.323737698921213e-06,6.188628156390946e-07,5.1952725620541875e-06,3.5269025741869693e-06,1.947014164705471e-06,1.3208677764988176e-06,9.584852710029153e-07,6.730314314892827e-07,1.1069016487368344e-06,1.6917604879296792e-06,4.399993637759805e-08,4.7009773705185944e-08,4.9985111027067037e-08,5.9278068740073364e-08,6.580997894963003e-08,6.597302570107235e-08,5.9263494195397674e-08,4.765741020013503e-08,4.210895204537444e-08,4.136737916538608e-08,4.210696907302106e-08,4.142375832525482e-08,8.885979996504496e-06,0.0,8.761136724554101e-07,True
26000,10,25100,26000,25550.0,6.346660086364864e-08,0.07127603143453598,1.7625980675006758e-08,0.2892099767923355,4.54078049016335e-06,4.0334867226869057e-07,5.051250901596349e-06,2.514166046089612e-06,1.3813330883375091e-06,9.444974365640649e-07,7.421715529767027e-07,5.277732110684605e-07,1.122635529261741e-06,1.1017638057954436e-06,3.107374643086941e-08,3.58792311463462e-08,3.776161447478521e-08,4.56170376753784e-08,5.274528068558159e-08,5.1222662989450724e-08,4.470260569321253e-08,3.577816830874087e-08,2.9897982235206645e-08,2.9727127226337328e-08,2.9832208759257516e-08,2.9543395259100634e-08,6.3234402049114575e-06,0.0,1.0602173738192757e-06,True
27000,10,26100,27000,26550.0,9.185119509425022e-08,0.0556827187538147,1.6480946385399875e-08,0.22180845588445663,5.878953783676257e-06,4.5871817355334493e-07,4.9651450058923126e-06,3.4797652839953553e-06,1.8935278079185428e-06,1.337584032255579e-06,1.0189157148328508e-06,7.369047663420128e-07,1.3569035504538134e-06,1.2811958633542381e-06,3.9432732846450255e-08,4.587728997310418e-08,4.8285472426912087e-08,5.311408952772175e-08,5.983858028961189e-08,5.596785965721814e-08,5.2588776534283955e-08,4.2096195929711504e-08,3.648420803549477e-08,3.5244444348213515e-08,3.569756106681024e-08,3.76416017139899e-08,7.220034708101724e-06,0.0,1.1588721339894063e-06,True
28000,10,27100,28000,27550.0,1.0852828324914299e-07,0.044226646423339844,1.8570099236114856e-08,0.17545770108699799,6.8531445218378025e-06,5.482028224009362e-07,4.744975655393665e-06,4.503944856172688e-06,2.4069581736983996e-06,1.7320209378806535e-06,1.3235853876472157e-06,9.475304963849474e-07,1.8302352837867895e-06,1.6740418945752922e-06,4.2409908312506735e-08,4.582559395302262e-08,4.93232254296353e-08,5.6143435752040404e-08,6.527755000218595e-08,6.231387909012263e-08,5.814544568285192e-08,4.613990369749293e-08,3.885352605658916e-08,3.5818269179946836e-08,4.014217354793641e-08,3.9747406119164296e-08,9.569349856002963e-06,0.0,1.1548562427664806e-06,True
29000,10,28100,29000,28550.0,8.514114568924924e-08,0.050840262323617935,1.316133957374177e-08,0.16398131102323532,5.66440244034911e-06,5.221137162688685e-07,5.011385297395545e-06,3.548007108875599e-06,1.8496317711418335e-06,1.3539374703824481e-06,1.0454749988853541e-06,7.436814338929157e-07,1.011649881927331e-06,1.2139559068236905e-06,3.221392062310219e-08,3.400043104847873e-08,3.567424749257957e-08,4.1456377903269816e-08,5.642513873087364e-08,5.069383303927004e-08,4.6637414509957326e-08,3.700144761749637e-08,3.311144843299195e-08,2.991773489024748e-08,3.159275248673994e-08,3.112104714986693e-08,7.371992642682506e-06,0.0,1.1020630198945242e-06,True
30000,10,29100,30000,29550.0,5.974468031411106e-08,0.0610969141125679,1.631500534671204e-08,0.2319232076406479,4.318134415626436e-06,3.8652589731915e-07,5.492916970281684e-06,2.7549965036760013e-06,1.471076194260643e-06,1.0735903980782801e-06,8.296671938182393e-07,5.94209677539186e-07,4.645400803473144e-07,1.098799343647723e-06,3.3530506887753195e-08,3.695021815160041e-08,3.9093888878019685e-08,4.712457548296482e-08,5.4629800380448616e-08,5.3913448232766796e-08,5.188331751334572e-08,4.227357614470553e-08,3.564265895844382e-08,3.335274603191067e-08,3.281098702872239e-08,3.187488857449232e-08,5.82263036806372e-06,0.0,1.0880457236950254e-06,True
31000,10,30100,31000,30550.0,7.343981422991419e-08,0.07596099004149437,1.4341407617024515e-08,0.22614814341068268,4.972846338495138e-06,4.3377647843568515e-07,6.23194070389454e-06,3.050792467989253e-06,1.6596288975704274e-06,1.2268815450268754e-06,9.718990920931144e-07,6.863642994478015e-07,3.2916404749801173e-07,1.1435441275223333e-06,2.9213389502405903e-08,3.121763048760307e-08,3.347304606730613e-08,3.804029341646073e-08,5.235001257899115e-08,4.8923008686996365e-08,4.434632959828671e-08,3.6101832622135735e-08,3.146326041644958e-08,2.7363303973977003e-08,2.9377364469805966e-08,2.8211386105627607e-08,6.14404152110661e-06,0.0,1.0593746773669094e-06,True
32000,10,31100,32000,31550.0,7.23439761429745e-08,0.07847652584314346,1.7477921332442747e-08,0.21928617358207703,4.895813366924941e-06,4.134325067505072e-07,5.552559030308575e-06,3.0916126646154194e-06,1.6173744595736359e-06,1.2018978769608028e-06,9.460536010131242e-07,6.682889004275875e-07,2.740696529930311e-07,1.1203508560232645e-06,3.1469870117548024e-08,3.3160555306245214e-08,3.4807084178010144e-08,3.8981840180062515e-08,5.4736020020555545e-08,5.10880833851497e-08,4.6312091522493826e-08,3.726579087634694e-08,3.286664933156735e-08,3.064969826423328e-08,3.1083149501366675e-08,2.9564161846882838e-08,6.192416801473553e-06,0.0,9.565037768215722e-07,True
33000,10,32100,33000,32550.0,6.66156267925544e-08,0.07067468762397766,1.2708578633890966e-08,0.20285522937774658,4.669716505110557e-06,4.1593060473786497e-07,5.05039524904216e-06,2.7150324574165748e-06,1.42456004266518e-06,1.0620005976104034e-06,8.357085932592434e-07,5.856299330703151e-07,3.5709876127876987e-07,1.205846475473622e-06,3.026656126225709e-08,3.4094954542199e-08,3.381220265674828e-08,4.0985680575353334e-08,5.109350597504018e-08,4.947322551853607e-08,4.4363826578506824e-08,3.7341174668675714e-08,3.314850365909089e-08,2.750109341108941e-08,2.9790387652769427e-08,2.8877582163195847e-08,6.27932420883497e-06,0.0,1.202412281627995e-06,True
34000,10,33100,34000,33550.0,6.00410388074124e-08,0.07109389826655388,1.2412784133886134e-08,0.26382483541965485,3.902571692116872e-06,3.6585579171345866e-07,5.1871631729601244e-06,2.3126503883397656e-06,1.2195195393654619e-06,9.180921440160789e-07,7.204707183935165e-07,5.111125308852145e-07,7.387889389227733e-07,9.201052649855621e-07,3.0755889003463665e-08,3.1829740943560555e-08,3.3947648175008866e-08,4.0802770870286143e-08,4.8731731217135175e-08,4.799974913469793e-08,4.530161321215913e-08,3.774068117931747e-08,3.1995095868991724e-08,2.8606429263519374e-08,3.073885688875302e-08,2.9473190240917137e-08,5.082112789454059e-06,0.0,1.2271250075906169e-06,True
35000,10,34100,35000,34550.0,5.5261914155835257e-08,0.05061919428408146,1.7573064781117864e-08,0.3073953539133072,3.5639842807872077e-06,3.156293813599084e-07,4.618834878299078e-06,2.3292780322445543e-06,1.2635064623214505e-06,9.600852904636016e-07,7.651860477187433e-07,5.30768995868408e-07,1.900398331910818e-07,7.090564576257907e-07,2.1968544960381073e-08,2.3019248958000767e-08,2.3317968217410214e-08,2.7034565125102932e-08,3.623892621967181e-08,3.4192516544476284e-08,3.021272611888967e-08,2.478578768481239e-08,2.383523215437603e-08,1.9673651617829378e-08,2.1324043253083135e-08,2.1448986560733192e-08,4.10784941861622e-06,0.0,1.1809891470246223e-06,True
36000,10,35100,36000,35550.0,5.444746342675444e-08,0.0535004585981369,1.9602664380613533e-08,0.36542898416519165,3.5866945656386328e-06,3.1746677303440043e-07,4.309113180042519e-06,2.5899009919418205e-06,1.3926757010803945e-06,1.0514503503009005e-06,8.186226661258955e-07,5.543702282687302e-07,3.8772963887666026e-07,8.084616178287296e-07,2.4888082387720078e-08,2.596931667159502e-08,2.612252135784373e-08,2.9008464826677514e-08,4.1178917155393625e-08,3.716933069020292e-08,3.4392686742465865e-08,2.775676067161608e-08,2.6646574308952776e-08,2.2399653971811294e-08,2.506399512467467e-08,2.4346244168197387e-08,4.59223722958036e-06,0.0,1.147450568046206e-06,True
37000,10,36100,37000,36550.0,5.4700203477864306e-08,0.06744325906038284,1.3172497759228463e-08,0.2901652604341507,3.4411190843059828e-06,3.4062387275213175e-07,5.735864804213425e-06,2.240373518068051e-06,1.188841573304938e-06,9.016245404725303e-07,7.15664530690128e-07,4.919646013654142e-07,1.9604551021858826e-07,7.691392937894773e-07,2.1580683881309665e-08,2.2622013616630086e-08,2.3344498423631426e-08,2.7157598800851416e-08,3.4809796857360654e-08,3.3567294228631894e-08,3.0007589438556256e-08,2.547474528249095e-08,2.2777261069211618e-08,1.921104540230777e-08,2.1693570281489606e-08,2.141415834406003e-08,4.220973189883286e-06,0.0,1.15776232788009e-06,True
38000,10,37100,38000,37550.0,4.98201266907472e-08,0.06492829881608486,2.0122580046688654e-08,0.3639462739229202,3.390256912808582e-06,3.4198461218732424e-07,4.967771634129333e-06,2.4927036222235774e-06,1.3608323337904347e-06,1.024850573460034e-06,8.02103866276121e-07,5.38091895485105e-07,1.760934667257015e-07,8.08784129123386e-07,2.6201347969968555e-08,2.6667978232654107e-08,2.8491756898177825e-08,3.6149817812369726e-08,4.405869632274174e-08,4.338975253283068e-08,3.577858197213435e-08,3.070501713424972e-08,2.7836549033045546e-08,2.3630147844621932e-08,2.8318691007905052e-08,2.6048099286300416e-08,4.8029959356729725e-06,0.0,1.2057026933152427e-06,True
39000,10,38100,39000,38550.0,5.69568925357089e-08,0.03773120231926441,3.006895621382455e-08,0.44201046228408813,3.80127952174481e-06,3.469019290795455e-07,4.8614534825443334e-06,2.9963625610360724e-06,1.6534597004995712e-06,1.2737916695967167e-06,1.0062619396983508e-06,6.632864553299953e-07,2.445649811851014e-07,7.219595828381962e-07,2.3325861244466426e-08,2.5080127175051218e-08,2.5102699298814285e-08,2.964446223813195e-08,4.034792672039213e-08,3.7850141780793806e-08,3.254093509439823e-08,2.681893424213364e-08,2.5645282628873434e-08,2.224623920485424e-08,2.33496306308802e-08,2.265423622113152e-08,4.34683959552559e-06,0.0,1.0405775560784627e-06,True
40000,10,39100,40000,39550.0,5.6948211479834754e-08,0.04523385129868984,3.769774536976911e-08,0.5569082796573639,4.260760401040427e-06,3.7856997666452975e-07,5.207086169572176e-06,3.1986245154888535e-06,1.7600180155861844e-06,1.3606507768803824e-06,1.0808026372434479e-06,7.370244089986886e-07,1.8136097635625067e-07,8.495098788158955e-07,2.604640979554285e-08,2.749924991041352e-08,2.7646253756994843e-08,3.2505522829855695e-08,4.5582062355299845e-08,4.231526827908195e-08,3.6967746813365415e-08,3.003980488065594e-08,2.7525306661732772e-08,2.3311973388149472e-08,2.5082443834826274e-08,2.48137261774982e-08,4.808231139065524e-06,0.0,9.763503705084983e-07,True
41000,10,40100,41000,40550.0,4.651378127107364e-08,0.04928215220570564,2.0352710183857425e-08,0.40445084869861603,3.4399404406413984e-06,3.7306484800694476e-07,5.328821757320107e-06,2.447117663781374e-06,1.3499105184134027e-06,1.0410959520511862e-06,8.260897480958482e-07,5.511699329781169e-07,2.5961937372934385e-07,6.941864471446033e-07,2.0619765618410043e-08,2.244742769259772e-08,2.3606112741042996e-08,2.6102307189076206e-08,3.9386961432601046e-08,3.38119218163153e-08,3.0557308552901384e-08,2.5453460767081366e-08,2.3180492306070218e-08,1.9767455948242208e-08,2.1327710389764366e-08,2.0711700008810206e-08,3.913793168151209e-06,0.0,1.1014321968216021e-06,True
42000,10,41100,42000,41550.0,4.4610995786342755e-08,0.055179890245199203,2.095361750775737e-08,0.37404970824718475,3.4471352960231796e-06,4.045021155209011e-07,5.984655437044383e-06,2.630306051313242e-06,1.4151847039209566e-06,1.1297074842471773e-06,9.154423227822307e-07,6.102973647783679e-07,1.8384166055067695e-07,6.712408542538088e-07,2.0137271418622162e-08,2.181264853457337e-08,2.3072038032087244e-08,2.7084127176421032e-08,3.7068217299140853e-08,3.245566822525491e-08,2.8892820556479436e-08,2.4463387200728842e-08,2.177608820146139e-08,1.890946145959006e-08,2.0173805035490227e-08,1.966317671939504e-08,3.823056219899965e-06,0.0,1.0234576511169103e-06,True
43000,10,42100,43000,42550.0,8.456411748625214e-08,0.04002711735665798,2.001237842108594e-08,0.24581129103899002,5.578056605564647e-06,5.204122380396694e-07,4.759493605633551e-06,4.068296263216329e-06,2.2120913991313953e-06,1.7643138885470712e-06,1.4017156699068212e-06,9.17762666576159e-07,3.110064290995291e-07,1.0404584912573141e-06,3.196201154881796e-08,3.490245015177986e-08,3.6169312790077656e-08,4.349379505972192e-08,5.330404885535338e-08,4.9388455605349647e-08,4.3567560170081875e-08,3.837554091099811e-08,3.329891131575331e-08,2.954717520252015e-08,3.192884435816166e-08,3.186765968517304e-08,6.379200381860673e-06,0.0,1.1941833051134874e-06,True
44000,10,43100,44000,43550.0,9.251695587408904e-08,0.05474329739809036,1.755806122716308e-08,0.2081299126148224,5.775803654174491e-06,5.829942468562125e-07,4.733943684244399e-06,4.257843684631413e-06,2.337376945410642e-06,1.8637878666625848e-06,1.468750842610086e-06,9.488898846107856e-07,3.2701218916304957e-07,1.1642638369682248e-06,3.3790759773608525e-08,3.6885002749515893e-08,3.855021918223034e-08,4.718991521277189e-08,5.471785230767889e-08,5.088689398323581e-08,4.4829152334047804e-08,3.8822054449980886e-08,3.529959523599857e-08,3.101055181433841e-08,3.249993705395341e-08,3.370621958965699e-08,6.812685238339886e-06,0.0,9.656997132089842e-07,True
45000,10,44100,45000,44550.0,8.443027255111701e-08,0.05908111669123173,1.6379616329942337e-08,0.1788306087255478,5.4341901171525574e-06,5.486814096100564e-07,4.256511721914848e-06,3.902054819285981e-06,2.1429214879677216e-06,1.6986396691729063e-06,1.3092447528546044e-06,8.289993661722295e-07,2.2221760318521876e-07,1.0192658768373315e-06,2.948886754392786e-08,3.110914627278154e-08,3.393655184203908e-08,4.2584139862953865e-08,4.8114205544991685e-08,4.4664460720761494e-08,3.882908638008326e-08,3.3733670243843054e-08,3.075912405985741e-08,2.6295304565059768e-08,2.8595311332888533e-08,2.8552477739549363e-08,6.2433763035601695e-06,0.0,8.146920493679459e-07,True
46000,10,45100,46000,45550.0,9.303888504064162e-08,0.05931207723915577,2.083405181707576e-08,0.2401418462395668,5.911958807100104e-06,6.209507560912523e-07,5.56952052558628e-06,4.461603754837737e-06,2.477958051696076e-06,1.9338767118081174e-06,1.4909686885355138e-06,9.498955804896315e-07,3.283451212463775e-07,1.0619262053511172e-06,3.658832279249833e-08,3.699654359746903e-08,3.931537730804346e-08,4.717459012568359e-08,5.4865949053825374e-08,5.037721498431802e-08,4.3984819379343174e-08,3.886423355179819e-08,3.539804514340899e-08,3.203443188786839e-08,3.456159216471658e-08,3.4719338148235084e-08,6.789354923099062e-06,0.0,1.1971913158583994e-06,True
47000,10,46100,47000,46550.0,7.51463780090944e-08,0.06913900747895241,2.28186598505431e-08,0.30671586096286774,5.190449769740882e-06,5.035425723111491e-07,4.1568221995745716e-06,3.353390073569561e-06,1.8433203830084163e-06,1.4347124927883139e-06,1.1187061789709415e-06,7.236181644378631e-07,3.680910897113618e-07,1.0845145509815032e-06,3.797104469899854e-08,3.945183742218885e-08,4.339142309296898e-08,5.1864877237497145e-08,5.58799695879401e-08,5.303576714056419e-08,4.6642715923329613e-08,4.1732462341530144e-08,3.724074181052536e-08,3.369615899443872e-08,3.5576981710131564e-08,3.6281935884811016e-08,6.586033620793049e-06,0.0,1.008386689567009e-06,True
48000,10,47100,48000,47550.0,9.107357357152068e-08,0.07701444625854492,3.0803744444085623e-08,0.35188300907611847,6.3151683894504594e-06,5.375520632949158e-07,5.055079011826275e-06,4.370911828956638e-06,2.3205343562498757e-06,1.8235361528963938e-06,1.4283758908059855e-06,9.14937420265713e-07,5.447350941884361e-07,1.3587011246878044e-06,4.2817977684249907e-08,4.462118397080323e-08,4.808595289878466e-08,5.740195052887626e-08,6.634503999066088e-08,6.219158945760444e-08,5.391640122537795e-08,4.700701729583432e-08,4.268268252395367e-08,3.8301015124312244e-08,3.990903824127858e-08,4.112879391672142e-08,7.971448075658412e-06,0.0,1.132398760606829e-06,True
49000,10,48100,49000,48550.0,9.347830598471774e-08,0.08583319187164307,3.1979137560256277e-08,0.37567178905010223,6.933531330763889e-06,6.280956705179324e-07,5.1043013078876534e-06,4.555657533483975e-06,2.4669702473974427e-06,1.9215686018242586e-06,1.4737377235129103e-06,9.411163427451874e-07,3.829233096857179e-07,1.2423736101307272e-06,4.0793409785528656e-08,4.248139690279579e-08,4.741797902780183e-08,5.900171769073576e-08,6.444325652867659e-08,5.859583546632582e-08,5.0491669631745644e-08,4.437420319246991e-08,4.1781998776314454e-08,3.842972118206185e-08,3.9235413269552006e-08,4.2055465384797844e-08,7.795943318037638e-06,0.0,1.0542822980307835e-06,True
50000,10,49100,50000,49550.0,8.52256327732448e-08,0.0716153234243393,3.448204743961014e-08,0.35099832713603973,6.413156853382616e-06,6.284758857485629e-07,4.861475630878442e-06,4.567341452234131e-06,2.3841821739471747e-06,1.8527157782824085e-06,1.409973071325271e-06,8.792677367404002e-07,4.117469964547174e-07,1.1160920369645491e-06,4.128355032151063e-08,4.4301494867606464e-08,4.6912540966094046e-08,5.826721483224027e-08,6.368103241976786e-08,5.983805103465571e-08,5.29069696282247e-08,4.5486690418282335e-08,4.475749976511088e-08,3.858707205091675e-08,3.969625813599278e-08,4.2481093426378745e-08,7.600841404886491e-06,0.0,1.2768556334622008e-06,True
51000,10,50100,51000,50550.0,8.024434450248918e-08,0.06334936060011387,2.758898265398102e-08,0.319086953997612,5.7522569111306955e-06,5.627810264140705e-07,5.022332301066101e-06,3.972795137160934e-06,2.070001281454881e-06,1.653946053069789e-06,1.2888897375487062e-06,8.055480328229046e-07,5.809019483850447e-07,9.77353969515615e-07,3.667189433350386e-08,3.843092114327238e-08,4.2039821525604296e-08,5.4191012254738465e-08,5.522980540488225e-08,5.149429781769116e-08,4.5239457141338024e-08,4.0402361025775027e-08,3.801654842101634e-08,3.280450238818772e-08,3.50440149796982e-08,3.5731267753419706e-08,6.892456177566305e-06,0.0,1.0237180114105355e-06,True
52000,10,51100,52000,51550.0,8.322836819729673e-08,0.04691794887185097,2.527567666277264e-08,0.25308405607938766,5.223648207788246e-06,4.696874051400364e-07,5.7718006432864134e-06,3.742011916072807e-06,2.015967775962145e-06,1.5823390025915724e-06,1.2252412205428191e-06,7.680548172027409e-07,8.471161842423475e-07,1.0189533893646194e-06,4.5695109690076695e-08,4.47431263888674e-08,4.796645607678279e-08,5.138480864051369e-08,6.008340103309941e-08,5.501724691534623e-08,5.042439337956771e-08,4.414936424616506e-08,4.295310105171582e-08,4.1297740521869096e-08,4.243923150710089e-08,4.679524937915064e-08,6.989313110479115e-06,1.0,7.976747224361678e-07,True
53000,10,52100,53000,52550.0,9.004201473317153e-08,0.04513262398540974,2.3566567364241564e-08,0.272112712264061,5.591423595891e-06,4.821089699943289e-07,5.109664603807575e-06,3.886505951007547e-06,2.1210381760027953e-06,1.6651857492409674e-06,1.272853812994661e-06,7.691239999584535e-07,2.461415046357311e-07,1.0623354667339791e-06,3.32664821942499e-08,3.5469431454430046e-08,3.992494683473954e-08,4.945888559882045e-08,5.307197168751823e-08,4.807748541794088e-08,4.316193561241897e-08,3.823347628237514e-08,3.478918336160482e-08,3.0751810966411344e-08,3.2261111349636175e-08,3.267833951045916e-08,6.983361741584513e-06,0.5,8.108603866749815e-07,True
54000,10,53100,54000,53550.0,8.216734670440928e-08,0.04936600849032402,2.7629539545159787e-08,0.3508884161710739,5.433979459610499e-06,4.820062997291011e-07,5.469314018292213e-06,4.449571742850036e-06,2.4411412043194324e-06,1.912627531047106e-06,1.4596366629095996e-06,8.770478947048385e-07,3.2220702206198176e-07,8.693911414707423e-07,3.268847316957012e-08,3.514428537197482e-08,3.98055107981282e-08,5.1647191528025176e-08,5.331575441503809e-08,4.721630541772478e-08,4.161329179225652e-08,3.636398267854921e-08,3.460641934628554e-08,3.0988107195461975e-08,3.2605493827946186e-08,3.3312462676469876e-08,6.067828677069491e-06,0.5,1.0383487208259236e-06,True
55000,10,54100,55000,54550.0,6.626243731489012e-08,0.04131420701742172,2.0794766797394004e-08,0.33820465207099915,4.312741006181664e-06,4.356875773721782e-07,4.804532778808507e-06,3.199598741976315e-06,1.692083658672529e-06,1.3239857700609116e-06,1.0093460975187404e-06,6.192766653724583e-07,4.838983703985172e-07,8.612523701999423e-07,3.837713199555038e-08,4.2073471100268865e-08,4.67490404240376e-08,5.483106431933737e-08,6.018723227244714e-08,5.570475276999541e-08,4.9016666348825096e-08,4.350370186493674e-08,4.126044547992849e-08,3.510379307869132e-08,3.901256270839929e-08,4.162806203084249e-08,5.094683022565686e-06,0.5,8.086510656884e-07,True
56000,10,55100,56000,55550.0,5.491406618318706e-08,0.0748470090329647,1.9677854012911666e-08,0.3631948232650757,3.5723420887753704e-06,3.3127347910287283e-07,4.306728955814001e-06,2.3752794616194457e-06,1.285372117811427e-06,1.0286525748109054e-06,7.734722140116293e-07,4.6317694824944574e-07,1.9642779126965993e-07,7.028449470966672e-07,2.6695354252981162e-08,2.90049467575509e-08,3.166340302431763e-08,4.155845177749913e-08,3.923996167675516e-08,3.744508858538159e-08,3.391052171376229e-08,2.905896622785666e-08,2.676019704749973e-08,2.5196437344993687e-08,2.5483931309950663e-08,2.847149292966255e-08,4.069312929741616e-06,0.0,1.0769719196580708e-06,True
57000,10,56100,57000,56550.0,5.543384418160713e-08,0.0722121112048626,2.048269198695607e-08,0.3790539503097534,3.7168808018055902e-06,3.5536173687605296e-07,4.802482204375207e-06,2.8027052436086084e-06,1.5498859902629019e-06,1.2154733817517269e-06,8.920930161995605e-07,5.278094303087377e-07,1.3491453323778948e-07,6.631266578741423e-07,2.5721576076673456e-08,2.8402123533826926e-08,3.200607796347403e-08,4.037826428469855e-08,3.991556507597479e-08,3.870804322174621e-08,3.277383258040154e-08,2.8924759510146036e-08,2.6729170740738024e-08,2.5224117242176317e-08,2.5821584574719658e-08,2.636593271698352e-08,4.299649711983828e-06,0.0,1.179098937025445e-06,True
58000,10,57100,58000,57550.0,5.684073478562368e-08,0.08966656401753426,1.8714246152740088e-08,0.25639620423316956,3.85960626466649e-06,3.173774975357417e-07,4.2878786750139895e-06,2.6232318397720647e-06,1.4191593947572985e-06,1.142739128967564e-06,8.616045803990875e-07,5.124167345697593e-07,2.1790447812262015e-07,7.12569041463968e-07,2.4721140872898003e-08,2.677717051721861e-08,2.9919175563831125e-08,3.964924377108892e-08,3.682325335139833e-08,3.3598585261210706e-08,2.9977449546217394e-08,2.6670878189182504e-08,2.5830960214325427e-08,2.354490022517629e-08,2.407267106954575e-08,2.5997715730902643e-08,4.518448364474041e-06,0.0,8.792607675375033e-07,True
59000,10,58100,59000,58550.0,6.027433663291504e-08,0.07325168699026108,1.7001839047736667e-08,0.28348930180072784,3.838016779537717e-06,3.7339481290826435e-07,4.797085920672951e-06,2.6797786338998108e-06,1.518279800785144e-06,1.2184985722423293e-06,8.916387412592919e-07,5.290290618365004e-07,1.691785088710841e-07,6.778761048990302e-07,2.6506148702731984e-08,2.9079746439951713e-08,3.4158508645502644e-08,4.10414762758534e-08,3.9407187632657266e-08,3.639302867736855e-08,3.1054045806252016e-08,2.803934116571963e-08,2.7120277898939586e-08,2.5649053037114298e-08,2.6149230388684552e-08,2.7568795860190536e-08,4.407144726279669e-06,0.0,1.2900642450029654e-06,True
60000,10,59100,60000,59550.0,6.565648291712023e-08,0.07604598253965378,2.7183022055510264e-08,0.44179588556289673,4.557337169342263e-06,3.750237345651107e-07,4.603864462163807e-06,3.4976329263151034e-06,1.762430237816788e-06,1.4088098852483485e-06,1.0574343381664893e-06,6.239841208104708e-07,1.4401188108797403e-07,7.40643315942479e-07,2.9551833851064237e-08,3.109445068439863e-08,3.6772165849350254e-08,4.772945636878607e-08,4.7127266423437324e-08,4.2283294258804395e-08,3.635956312680865e-08,3.2707182984004006e-08,3.068598307562721e-08,2.746551745328078e-08,2.853218050352467e-08,2.9217391340158868e-08,5.072332707479393e-06,0.0,1.3574262637904384e-06,True
61000,10,60100,61000,60550.0,7.090815401511463e-08,0.06538865342736244,3.859487840429665e-08,0.5268099009990692,5.069258091594529e-06,3.9977761327626585e-07,4.750039972952725e-06,4.130641322935617e-06,2.1647077217819005e-06,1.7624721237639452e-06,1.3479595693469388e-06,7.866638650589038e-07,2.3990086428976995e-07,8.614493785324272e-07,3.441173947752316e-08,3.577753467753867e-08,4.1083368639241256e-08,5.4447560094158265e-08,5.577546926794112e-08,4.915517742693172e-08,4.1982056569607174e-08,3.744584177189923e-08,3.610520711516738e-08,3.299820243174588e-08,3.3739745894205375e-08,3.518556220356128e-08,5.745635767539617e-06,0.0,1.9716241344253312e-06,True
62000,10,61100,62000,61550.0,6.709689159833943e-08,0.06291675940155983,2.9397057232927182e-08,0.49483929574489594,4.662361059372273e-06,4.3926613810882685e-07,4.80970075876358e-06,3.8403692393112605e-06,2.0858277516804876e-06,1.6754748754763037e-06,1.2539839630511326e-06,7.235729203943891e-07,2.633180752261178e-07,7.579077926045845e-07,3.0594092282115406e-08,3.2751268668021725e-08,3.8825521715546914e-08,5.107475110594135e-08,4.996335991675983e-08,4.340782329157884e-08,3.906188353741899e-08,3.436828848475699e-08,3.353500064096788e-08,3.028465503197722e-08,3.0562705555147394e-08,3.200139449979908e-08,5.334084519414562e-06,0.0,1.4848790510798412e-06,True
63000,10,62100,63000,62550.0,5.899973665179914e-08,0.058069366961717606,4.0853175065080904e-08,0.5659157633781433,4.495530979744579e-06,4.198622115613623e-07,6.058379484228131e-06,3.731391344053183e-06,2.0085709912064626e-06,1.5794024854771522e-06,1.158236123810116e-06,6.55757548589029e-07,2.8510431138896695e-07,7.172661589956268e-07,2.954500555463574e-08,3.288100417629261e-08,3.8363454340246746e-08,4.9291587759305864e-08,5.0002839687665425e-08,4.3228649880987103e-08,3.74896413655083e-08,3.3628302973652434e-08,3.3359903052141794e-08,2.951658782463303e-08,3.021230263129628e-08,3.248064199988921e-08,5.074850703058239e-06,0.0,1.433361712469622e-06,True
64000,10,63100,64000,63550.0,6.229242188737771e-08,0.059287382289767265,2.137345767039278e-08,0.32179802656173706,4.302694796717286e-06,3.976450138571413e-07,4.271851546292048e-06,3.0019733555492664e-06,1.665229151743541e-06,1.3013732759369521e-06,9.561414187642623e-07,5.552265939342387e-07,2.319176307442929e-07,8.144171114846302e-07,2.9559006233123838e-08,3.162825798615265e-08,3.751384765819667e-08,4.8711341071037085e-08,4.4981351498952e-08,3.907992645800584e-08,3.47749006044247e-08,3.2370198518040674e-08,3.049010469387456e-08,2.850123145008338e-08,3.031026276064094e-08,3.081954436164157e-08,5.060980141791703e-06,0.0,1.2435043698444962e-06,True
65000,10,64100,65000,64550.0,6.918898876051571e-08,0.06368365697562695,2.741462079569601e-08,0.32168421149253845,4.921209617131312e-06,4.569854841154728e-07,5.10275751221843e-06,3.2487151095415297e-06,1.7711250897268158e-06,1.4068963147748505e-06,1.0407483265083382e-06,6.050049439260378e-07,4.927643507149356e-07,9.13406524031187e-07,3.043804790811066e-08,3.178451430402898e-08,3.8057247632433925e-08,5.031919020937028e-08,4.413952316571178e-08,3.823126810780111e-08,3.385599234947628e-08,3.1201294469801593e-08,3.0173702999983235e-08,2.9173462330751557e-08,3.0565086164395864e-08,3.15895594772988e-08,5.968451687572503e-06,0.0,1.041658221859593e-06,True
66000,10,65100,66000,65550.0,8.884075697324079e-08,0.04407244548201561,2.6057607627194557e-08,0.29739832878112793,5.456680007051156e-06,4.3468603922764626e-07,4.216910662814568e-06,3.5736450951402947e-06,1.864115489064454e-06,1.4675075776063839e-06,1.0862328170607062e-06,6.262366802728874e-07,1.5873771124242825e-07,1.0327016307716572e-06,3.2986217078009916e-08,3.6051434412530214e-08,4.4900364233701706e-08,5.833306745776306e-08,4.7557343845023197e-08,4.234735392048751e-08,3.9438246703350396e-08,3.4946367399391376e-08,3.380547716599017e-08,3.1870322440233294e-08,3.5003603839404293e-08,3.4152428912257844e-08,6.654420727732492e-06,0.0,8.484076525282699e-07,True
67000,10,66100,67000,66550.0,6.687785258918666e-08,0.03745812550187111,2.4530517173104727e-08,0.33147014677524567,4.534254231467528e-06,4.5368841308387955e-07,4.375218544918532e-06,3.448627716693751e-06,1.900873822549316e-06,1.4870642752177292e-06,1.0895245870638058e-06,6.275592203733821e-07,1.5659648421779807e-07,7.956801288228016e-07,3.122760071446169e-08,3.0835022013777095e-08,3.666878666795319e-08,4.568452158730826e-08,4.152172289676755e-08,3.603825276391726e-08,3.307144614523187e-08,3.0583619555074685e-08,2.9673764341207555e-08,2.6802786407473137e-08,2.9099022627400952e-08,2.9296007904240946e-08,5.448749025049946e-06,0.0,1.0340756949659993e-06,True
68000,10,67100,68000,67550.0,6.809871422319702e-08,0.07662957534193993,1.8063396112211194e-08,0.311973437666893,4.731641869451593e-06,4.136533773935652e-07,4.986069665826674e-06,2.729400174527832e-06,1.4866045370672537e-06,1.1862225405112354e-06,8.910593515374272e-07,5.278098761952234e-07,1.986731579487026e-07,8.588276502515218e-07,2.965460883739739e-08,3.0980406186119285e-08,3.670135651652732e-08,5.105027304442578e-08,4.2262175706173854e-08,3.827553206705213e-08,3.268880669985107e-08,3.129324735009557e-08,2.924554502413922e-08,2.7482733266013218e-08,2.9320139863356214e-08,2.916383667444173e-08,5.851735814652193e-06,0.0,1.0619545058077283e-06,True
69000,10,68100,69000,68550.0,6.781424133350811e-08,0.08286826312541962,2.8030606280537995e-08,0.4032665640115738,5.083123431837106e-06,3.656983272771878e-07,4.573242203252436e-06,3.570465538922065e-06,1.949677278011821e-06,1.56350761420182e-06,1.1497907235424673e-06,6.608392641369841e-07,1.8693009786031302e-07,8.295378810788006e-07,3.147589417695023e-08,3.423237248025327e-08,4.089144290320184e-08,5.4795200507926026e-08,4.7160794934475045e-08,4.113075635974345e-08,3.69777654480633e-08,3.496442505868829e-08,3.221642818158188e-08,2.9670545933290235e-08,3.1502538470746084e-08,3.369472784397958e-08,6.0416924379686886e-06,0.0,7.81382549529527e-07,True
70000,10,69100,70000,69550.0,6.646875050364542e-08,0.08123785257339478,2.3804990867404285e-08,0.35077421367168427,4.925130515424407e-06,3.501539129485896e-07,4.188223404560757e-06,3.449963526362342e-06,1.9045960454163375e-06,1.5262756698615664e-06,1.1317821474925129e-06,6.502922996825019e-07,2.0158876244850527e-07,8.390784193003595e-07,3.105456921624452e-08,3.294199798954322e-08,3.903741445866125e-08,5.0490199558400625e-08,4.6495155072785786e-08,4.099993028737937e-08,3.559395329103206e-08,3.362241720618218e-08,3.134477349997288e-08,2.9284494297785647e-08,3.0506836819921815e-08,3.1277628483607305e-08,5.9993092952300624e-06,0.0,6.949747400568316e-07,True
71000,10,70100,71000,70550.0,6.59174510531102e-08,0.06123247183859348,3.060492836937101e-08,0.45300742983818054,5.285536413966776e-06,3.918249585616518e-07,4.252734883876687e-06,3.5747687016698548e-06,1.9326141128290634e-06,1.5173220590695422e-06,1.0772054863944794e-06,6.036003825217909e-07,3.3103803041787733e-07,9.309908087916617e-07,3.4440691765227803e-08,3.594408593465714e-08,4.172757192499269e-08,5.6407546957572605e-08,4.777812177832499e-08,4.284533885980265e-08,3.839820220003114e-08,3.600540793811856e-08,3.365021680695277e-08,3.245410456032201e-08,3.3631578128874115e-08,3.4018098042897896e-08,6.105647239437615e-06,0.0,7.43906295714344e-07,True
72000,10,71100,72000,71550.0,5.900151656135222e-08,0.07527486607432365,1.8642037247218468e-08,0.3588608056306839,4.504886057485407e-06,4.574373109296481e-07,4.046721149212182e-06,2.7007264141134716e-06,1.5265793147695411e-06,1.2305882232735697e-06,9.227782728717314e-07,5.397063664869183e-07,2.6896054042432877e-07,7.975657631814741e-07,2.885745030352616e-08,3.103655790890796e-08,3.778078405846801e-08,5.036884167327566e-08,4.160132686776393e-08,3.676481370796457e-08,3.352105549746667e-08,3.2011906444859936e-08,2.991988757219331e-08,2.8921273969612292e-08,2.834297253442838e-08,3.000813990928775e-08,5.692723454101709e-06,0.0,1.1996655648306943e-06,True
73000,10,72100,73000,72550.0,9.724718452730485e-08,0.07120080664753914,2.7670512992017393e-08,0.3138706237077713,6.65475014660064e-06,4.901198937916222e-07,4.1475185265041576e-06,4.5774922136859114e-06,2.5955537975265625e-06,2.072725750839023e-06,1.522952075136138e-06,8.645825746731276e-07,3.420784208440497e-07,1.0443857957241032e-06,4.6077361511079374e-08,4.574826896720805e-08,5.7911721734861754e-08,7.881105286164998e-08,6.255713548883424e-08,5.622372495123397e-08,5.156098820614585e-08,4.7038374547909424e-08,4.2754978184234895e-08,4.2669907199708165e-08,4.4233583051563574e-08,4.504109039412186e-08,7.718453022762297e-06,0.0,1.0042102038156755e-06,True
74000,10,73100,74000,73550.0,9.558334923553957e-08,0.07325045578181744,2.8846529609438676e-08,0.30839090049266815,6.825181338296623e-06,4.5484214517143255e-07,4.446876261360799e-06,4.465209379107931e-06,2.502081897687987e-06,2.0119827801843497e-06,1.4748205333657697e-06,8.290363088899583e-07,2.461627053893425e-07,1.0939521092999884e-06,4.145307196228654e-08,4.470710694710939e-08,5.4942933983241556e-08,7.474900144068338e-08,5.857278805786191e-08,5.411628681608577e-08,4.756514477160725e-08,4.329792429799008e-08,3.973854278650988e-08,3.9036565851028744e-08,4.099681775665595e-08,4.1848528644432885e-08,7.908907234478422e-06,0.0,8.973051386044373e-07,True
75000,10,74100,75000,74550.0,1.0238957059982567e-07,0.06562582030892372,2.6296133270875544e-08,0.26552604138851166,6.551200419415326e-06,5.306048689519354e-07,3.974221403837636e-06,4.6979299858406524e-06,2.597413721958363e-06,2.086053607949422e-06,1.5452191855462266e-06,8.708406615421161e-07,2.3430768940344973e-07,1.126644827739007e-06,4.351415894385821e-08,4.700854852714163e-08,5.780684178028838e-08,8.156631763176076e-08,6.139045895043827e-08,5.5492629031459714e-08,4.992969811679308e-08,4.545859864149748e-08,4.218590737134797e-08,4.0723569145775395e-08,4.2365198615364784e-08,4.306457273361394e-08,7.240649259953765e-06,0.0,8.728819372597612e-07,True
76000,10,75100,76000,75550.0,8.94548364271941e-08,0.06377149000763893,3.0072318857321534e-08,0.3441885709762573,6.371016235272276e-06,5.019926337093547e-07,4.177852473631539e-06,4.752489489547648e-06,2.621361865953002e-06,2.057418242594308e-06,1.4780084036428893e-06,8.116563195461754e-07,1.8885615942603166e-07,1.0099177772679443e-06,4.054264503245439e-08,4.124217956644719e-08,5.073541551080022e-08,7.181194323498573e-08,5.523340841358382e-08,5.175213531064339e-08,4.3777600957763256e-08,3.963186274593604e-08,3.846122250137541e-08,3.606164595964756e-08,4.0080648515725665e-08,3.791394603052313e-08,7.239672917798692e-06,0.0,1.085632858192574e-06,True
77000,10,76100,77000,76550.0,7.075919583598989e-08,0.055558446794748306,1.3714124946773154e-08,0.19719256460666656,5.139242894781292e-06,3.7736068386194504e-07,3.913942453942312e-06,3.495736274163457e-06,1.8120164228464824e-06,1.4037261806012434e-06,1.017033118561487e-06,5.788136149859638e-07,1.610595009289221e-07,7.960922848100047e-07,3.015815542544344e-08,3.191453304426645e-08,3.926338270861709e-08,5.5672788553632107e-08,4.4333658638120545e-08,4.012698331444664e-08,3.435416659426618e-08,3.240615176812703e-08,2.859327697481316e-08,2.9123397281631278e-08,2.972964088109182e-08,3.026393170711318e-08,5.648422263092308e-06,0.0,1.191649644228382e-06,True
78000,10,77100,78000,77550.0,7.883745922754315e-08,0.04437778703868389,2.6924563911734367e-08,0.3158475309610367,5.544043745037127e-06,4.324981702807893e-07,4.794133327652033e-06,3.4998217101806392e-06,1.9283031463983384e-06,1.5191695559654534e-06,1.0998807335960373e-06,6.025506308738828e-07,1.5066334910496925e-07,9.210360525291647e-07,3.209357717677633e-08,3.406965057264807e-08,4.243266886526916e-08,6.125800121386111e-08,4.523482711415594e-08,3.9831173034891755e-08,3.5757170206392536e-08,3.39364148408437e-08,3.039378502141963e-08,3.078795426324479e-08,3.213035692871436e-08,3.210443216646372e-08,6.313887693027166e-06,0.0,1.1067943573311362e-06,True
79000,10,78100,79000,78550.0,8.64221370022733e-08,0.03864221088588238,2.100524643111612e-08,0.24109169840812683,5.599033064367772e-06,4.192594042800542e-07,5.1945946636515335e-06,3.934278582085357e-06,2.216950387137458e-06,1.7316493472186455e-06,1.258556576778235e-06,7.000317141358591e-07,2.017630828513817e-07,7.914250204900798e-07,3.213517699265335e-08,3.504910218573467e-08,4.4522781191969894e-08,6.655920673507894e-08,4.7779703786667294e-08,4.237256497458233e-08,3.717470713816846e-08,3.4589487706822187e-08,3.231531325836475e-08,3.0367459612637365e-08,3.0833081959312457e-08,3.1116976835987326e-08,6.1658935784058574e-06,0.0,1.030973410522957e-06,True
80000,10,79100,80000,79550.0,7.70424328777608e-08,0.034452885389328,2.1796092930514988e-08,0.3208014667034149,5.1099771237782805e-06,4.3846765654870673e-07,4.8511155038573515e-06,4.199743127017588e-06,2.298795570582053e-06,1.7817712355862726e-06,1.2541334075709122e-06,6.723664441367626e-07,1.7315158118395912e-07,7.920000148845206e-07,3.3058982090515436e-08,3.358226604745725e-08,4.306711860279675e-08,6.223252177670409e-08,4.5472784994746014e-08,4.0653419904289964e-08,3.5553188430663944e-08,3.3513143826552464e-08,3.0937227417742155e-08,3.055630532566478e-08,3.099206979336306e-08,3.231475499761068e-08,5.942053947376851e-06,0.0,1.0686331818433858e-06,True
81000,10,80100,81000,80550.0,4.705526635007118e-08,0.05741123855113983,1.246993264203411e-08,0.2786981612443924,3.2489449441755322e-06,3.0293645581169684e-07,4.692868430508408e-06,2.3123138487193835e-06,1.3195152651253135e-06,1.0350746142454203e-06,7.552329731369939e-07,4.2060316241778574e-07,1.283103697778289e-07,6.091827197054116e-07,2.2620528962435882e-08,2.4322961107789425e-08,2.862495783239693e-08,3.93360210520453e-08,3.734832903858418e-08,3.2060256093489143e-08,2.673313269410923e-08,2.6593761037525485e-08,2.3383513623064393e-08,2.2071440860028617e-08,2.350027836005784e-08,2.341769483552006e-08,4.1717048757118925e-06,0.0,1.2357497196143802e-06,True
82000,10,81100,82000,81550.0,4.520467911106607e-08,0.05923708342015743,1.3561643807946666e-08,0.2951199412345886,3.196892756416875e-06,2.8781064649740866e-07,4.588020238408945e-06,2.2578218757303153e-06,1.3091656588255956e-06,1.0540587010358674e-06,7.666698736221041e-07,4.127160647794109e-07,8.722381374166525e-08,5.694087928125061e-07,1.9170516382502005e-08,2.0287019956798727e-08,2.450533153353748e-08,3.3456997152761514e-08,3.2679332759327435e-08,2.6536048210550562e-08,2.2909779433511056e-08,2.1802942592260202e-08,1.978727782055411e-08,1.8226714278039627e-08,1.970870222404061e-08,1.8295801425341505e-08,3.5941331099477407e-06,0.0,1.230115914310543e-06,True
83000,10,82100,83000,82550.0,4.357817040556711e-08,0.05101740546524525,1.5637496630915848e-08,0.3313806354999542,3.2911935545588e-06,2.800997828264489e-07,4.807240666886757e-06,2.3240764469589605e-06,1.3259291938570104e-06,1.0561292419479032e-06,7.613360361489635e-07,4.1104725954374547e-07,1.4346490437130197e-07,5.70634746728523e-07,2.046653420957207e-08,2.2021409119507833e-08,2.6293244381580992e-08,3.379334587773442e-08,3.676474077941581e-08,3.14670481305637e-08,2.549367460022997e-08,2.437692170672691e-08,2.203498479875439e-08,2.0634220047488898e-08,2.0932689523099374e-08,2.1314273098105817e-08,3.9591894778208156e-06,0.0,1.0977586946698622e-06,True
84000,10,83100,84000,83550.0,4.2647188891464793e-08,0.06638431921601295,1.3159438427834402e-08,0.332000270485878,2.921390675577732e-06,3.057205313282637e-07,4.474677398846699e-06,2.1632928922855748e-06,1.2229233093453658e-06,9.81235818170907e-07,7.144530600649999e-07,3.98770065667664e-07,1.4516617871849885e-07,5.335485798240469e-07,1.9602350796600756e-08,2.0005924493073088e-08,2.474301660930691e-08,3.3185675251806017e-08,3.24450478220032e-08,2.5634689515122903e-08,2.2813123261573426e-08,2.1051489097985633e-08,1.9346183493332445e-08,1.850743834943174e-08,1.9658349628530156e-08,1.892907819703097e-08,3.347113652194032e-06,0.0,1.1312515947896872e-06,True
85000,10,84100,85000,84550.0,4.741136905295207e-08,0.07359786331653595,1.2164611984388785e-08,0.2784583866596222,3.1968203456249486e-06,2.940449646920089e-07,4.416203102415189e-06,2.0950887032400905e-06,1.148455131374052e-06,9.05962225941126e-07,6.547603758849838e-07,3.6938783388926334e-07,1.1345859325245234e-07,5.432818878089268e-07,2.3866581120046797e-08,2.5589341103230577e-08,3.0691256007866893e-08,4.22584817861514e-08,3.6951921662353854e-08,3.1419986083361874e-08,2.6892085356064703e-08,2.48848360249742e-08,2.2578824670660567e-08,2.2490718484923248e-08,2.2884962758554973e-08,2.5811145137131446e-08,3.636919436563101e-06,0.0,7.819299043045612e-07,True
86000,10,85100,86000,85550.0,6.607235292221958e-08,0.04882416874170303,2.473800986280139e-08,0.35570763051509857,4.503778997745507e-06,2.8076528663701313e-07,3.8024837410548714e-06,2.6917110644946e-06,1.429996941610909e-06,1.1338497010618976e-06,8.105551402764595e-07,4.430933627277181e-07,1.905556487821187e-07,6.956939624376347e-07,3.422159821624337e-08,3.49610457548449e-08,4.4028525538964187e-08,6.591451547580124e-08,4.288247520749081e-08,3.853506246999808e-08,3.4274927310874254e-08,3.220364767512501e-08,3.32420419903182e-08,3.226576302901363e-08,3.275123014783185e-08,3.524569636332342e-08,5.498866019992096e-06,0.0,7.367264407139883e-07,True
87000,10,86100,87000,86550.0,5.393154722810323e-08,0.06535222940146923,1.7149370812319376e-08,0.28659019619226456,3.640668012426118e-06,2.6066661113111483e-07,4.050777623812305e-06,2.5684285851439944e-06,1.3833508362885542e-06,1.0796523127765639e-06,7.618318665828307e-07,4.113433276172268e-07,1.2473824162893802e-07,6.043913837985436e-07,2.3398298580783233e-08,2.5143109645363436e-08,3.1726409858248686e-08,4.906517277260645e-08,3.474670201490232e-08,3.1874913620144036e-08,2.879960763356765e-08,2.5099625109623933e-08,2.5418048636086355e-08,2.379424549233339e-08,2.4370126539663136e-08,2.527635121658128e-08,4.181024972829271e-06,0.0,8.483402900233517e-07,True
88000,10,87100,88000,87550.0,5.758531251842669e-08,0.05247509479522705,1.937546745267582e-08,0.3530264347791672,3.907369679854468e-06,3.0964800493946535e-07,4.118697599395427e-06,2.6404475093792065e-06,1.4599173531173373e-06,1.1481408227422284e-06,7.954913512373289e-07,4.234951012486427e-07,1.8482521390970946e-07,6.964075032411186e-07,2.5542663062284497e-08,2.8266276021554747e-08,3.808500949253802e-08,5.338077860156135e-08,3.755802579602487e-08,3.2594171302596014e-08,2.8070892477657e-08,2.7340245165819465e-08,2.5469972322040074e-08,2.6123454841382097e-08,2.4581142042723322e-08,2.811129666771634e-08,4.671179100905479e-06,0.0,8.631285512429131e-07,True
89000,10,88100,89000,88550.0,9.222643271300512e-08,0.08816048130393028,1.478430711188139e-08,0.2530025467276573,5.908993492670213e-06,3.7792987562692124e-07,4.076274808020515e-06,3.1305507521890724e-06,1.5950885300173276e-06,1.2244751944181013e-06,8.653754930395263e-07,4.780736236434379e-07,1.3625940022486162e-07,8.068401866791507e-07,3.958672087906431e-08,4.557504195430775e-08,5.925106444752701e-08,8.600691255429816e-08,5.3148558896604855e-08,4.9171799288566414e-08,4.2974822052885325e-08,4.0515465784586405e-08,3.816925238398184e-08,3.7402388564923037e-08,3.914300188507751e-08,4.034803913625627e-08,6.33802664546302e-06,0.0,9.051693564006965e-07,True
90000,10,89100,90000,89550.0,9.880017515229156e-08,0.05076201446354389,3.0233264780576974e-08,0.26442751288414,7.616351641645283e-06,4.875799856990321e-07,3.83967972709202e-06,4.845195843900047e-06,2.5907967393043474e-06,2.01414653392569e-06,1.3947677667377826e-06,7.241399247709145e-07,1.7366830062070846e-07,1.0542190583486916e-06,4.259815885161954e-08,4.538728508868171e-08,6.42931177566454e-08,1.0015785427912651e-07,5.677595181045096e-08,5.586622201619641e-08,4.953650960262462e-08,4.4764319712677463e-08,4.202146394228551e-08,4.487680290929729e-08,4.368801354825353e-08,4.345742256421113e-08,8.263345135742641e-06,0.0,7.553373047851788e-07,True
91000,10,90100,91000,90550.0,1.0939035632873129e-07,0.07267087697982788,1.860053444602272e-08,0.16361619532108307,7.162288044427596e-06,5.576554151865248e-07,4.875414508753194e-06,4.995122988321666e-06,2.819784975032907e-06,2.1889431855079963e-06,1.5053509255609787e-06,7.891317877107318e-07,1.8228557139482334e-07,9.97384043605926e-07,4.0309437876883425e-08,4.3660430374603424e-08,5.99737261789943e-08,8.957854301438439e-08,4.9787322946567125e-08,4.791532778605855e-08,4.100641657913587e-08,3.9531105033410045e-08,3.7757825875530405e-08,3.7616966007982565e-08,3.8563670981424863e-08,4.3176183093010535e-08,8.199030601068805e-06,0.0,5.944854741507414e-07,True
92000,10,91100,92000,91550.0,1.0614229140060161e-07,0.0608733668923378,2.462267900682491e-08,0.2258288860321045,7.435164493692503e-06,6.451962905923439e-07,4.6634757062668155e-06,4.593564655334438e-06,2.5107830377858254e-06,1.9387762841377097e-06,1.333127690827484e-06,7.81997700974344e-07,2.5589577521763096e-07,1.2022984261968372e-06,4.467941786640094e-08,4.713697275030123e-08,6.252405035626948e-08,9.700716134924474e-08,5.5888845677569526e-08,5.4070566665156705e-08,4.758181961315589e-08,4.394391915831297e-08,4.210014361620716e-08,4.083530231767885e-08,4.229593959454315e-08,4.3215166468359814e-08,8.786291368200948e-06,0.0,8.069257840071773e-07,True
93000,10,92100,93000,92550.0,1.0226479218999884e-07,0.0757053755223751,1.8567824611182004e-08,0.20025265961885452,7.750243920572248e-06,4.93858440036551e-07,3.9085798511204295e-06,4.242315881488838e-06,2.2497325500186275e-06,1.735701825889147e-06,1.1903486970669328e-06,6.313975614328101e-07,2.511585950168956e-07,1.021861982898736e-06,4.5526255308056505e-08,4.6931336438667815e-08,6.50786980478132e-08,1.0087773680195892e-07,5.7877746918008983e-08,5.6721830632267137e-08,4.8913440130005016e-08,4.6423983895172136e-08,4.3079716371790026e-08,4.384297646651773e-08,4.425624888021115e-08,4.4130862568278403e-08,8.380302181376694e-06,0.0,6.866457937145282e-07,True
94000,10,93100,94000,93550.0,8.09100733079049e-08,0.06512143276631832,3.662318448505175e-08,0.4137336313724518,6.45030733432322e-06,4.113172982561542e-07,4.03377367154999e-06,4.760413546189e-06,2.734029899613021e-06,2.0946454884853127e-06,1.4326308939594643e-06,7.359954300557106e-07,3.409179377084364e-07,1.1020618464251744e-06,3.778136481686618e-08,4.1332834129244877e-08,5.2784592473692225e-08,7.521924167746012e-08,5.701409031509494e-08,5.236287730720287e-08,4.5420415386015125e-08,4.1793465875225025e-08,3.8539745359317604e-08,3.776310295753609e-08,3.8123467108839356e-08,3.948680267824826e-08,7.651895519438012e-06,0.0,1.1959970779470232e-06,True
95000,10,94100,95000,94550.0,7.65191323637282e-08,0.07445675507187843,3.3184395675789347e-08,0.4577742666006088,5.745287875507814e-06,4.296511147297715e-07,3.85600324214932e-06,3.8047276032598117e-06,2.1441912247473203e-06,1.657159903046174e-06,1.1373470274837584e-06,5.979716551630384e-07,3.4687647998220266e-07,9.336684970999247e-07,3.503576403565732e-08,3.861466900090824e-08,4.880359228239072e-08,6.612103875833901e-08,5.155851973943374e-08,4.422488099667825e-08,4.0490235991239624e-08,3.949667488193048e-08,3.4102199198827925e-08,3.3689269057137575e-08,3.47023918612889e-08,3.416256250972455e-08,6.265974221527589e-06,0.0,1.136912120071593e-06,True
96000,10,95100,96000,95550.0,6.656298978668929e-08,0.07707272842526436,2.722163117141463e-08,0.4243849217891693,4.695621721545277e-06,3.323933067120004e-07,4.068365461331429e-06,3.2193653617155472e-06,1.7085033189681112e-06,1.3430315422158672e-06,9.28189974568441e-07,4.953303604535662e-07,2.2243795874610164e-07,7.586139817740782e-07,3.145304198728086e-08,3.305449987053375e-08,4.415194982464233e-08,6.180200241344453e-08,4.8441228616879315e-08,4.096701817044881e-08,3.626925314529092e-08,3.2475606447261685e-08,3.03723626634802e-08,3.070478537968478e-08,2.9726351826234593e-08,3.117708497102692e-08,5.554341572299118e-06,0.0,1.143375708642583e-06,True
97000,10,96100,97000,96550.0,7.260281265075719e-08,0.0611961055546999,3.323126307464008e-08,0.4437486082315445,5.79945656809427e-06,4.1623435918185527e-07,4.553716630098784e-06,4.510696264620475e-06,2.5369739776526867e-06,1.952456587693588e-06,1.340742411300385e-06,6.95938853596767e-07,1.8776492123393048e-07,9.449062680298504e-07,3.6502552260729045e-08,3.893046109756558e-08,5.112780032383255e-08,7.226802082960599e-08,5.789369950290925e-08,5.123698417713009e-08,4.4935109587569845e-08,4.1587593804662884e-08,3.8608974579585534e-08,3.7689496021720254e-08,3.829290628908927e-08,3.695234777459304e-08,6.436616388707857e-06,0.0,1.2504961825230162e-06,True
98000,10,97100,98000,97550.0,5.8055134033452305e-08,0.0910797230899334,1.5043601475639434e-08,0.24659323692321777,4.409682969944249e-06,2.991995977889403e-07,4.164528063467364e-06,3.0177998060113304e-06,1.6510500163431425e-06,1.2912933160665562e-06,8.930643419243122e-07,4.598196379324842e-07,2.4595452435317415e-07,6.696225691687844e-07,2.9666903387664615e-08,3.166210592299171e-08,4.486321883646809e-08,6.232291891672519e-08,4.321012748735582e-08,4.122189654136864e-08,3.5762349205715816e-08,3.478410825035084e-08,3.069689900209172e-08,2.895851473635158e-08,2.869563622890823e-08,3.20185386247477e-08,4.767580169875612e-06,0.0,8.627150503728419e-07,True
99000,5,98100,98500,98300.0,6.107933359089657e-08,0.07564302533864975,2.0021458269070536e-08,0.32779431343078613,4.040298381143272e-06,3.1731761880272235e-07,4.00861439265677e-06,2.986872932077345e-06,1.5581614238311173e-06,1.237944350929297e-06,8.684998234187978e-07,4.789588081432771e-07,4.5951635801103726e-07,7.366683078016078e-07,3.0100990293960815e-08,3.246133922844096e-08,4.1261809896396947e-08,5.2890479517064986e-08,4.1191456529783905e-08,3.9277915936737553e-08,3.958769203058735e-08,3.180339921263108e-08,3.077937580639511e-08,3.737249236870781e-08,3.379121957725156e-08,3.334051526959365e-08,5.15129410041155e-06,0.0,7.355221375200324e-07,False
